{
    "Aruba": [
        12.5,
        -69.96666666
    ],
    "Afghanistan": [
        33,
        65
    ],
    "Angola": [
        -12.5,
        18.5
    ],
    "Anguilla": [
        18.25,
        -63.16666666
    ],
    "Albania": [
        41,
        20
    ],
    "Andorra": [
        42.5,
        1.5
    ],
    "United Arab Emirates": [
        24,
        54
    ],
    "Argentina": [
        -34,
        -64
    ],
    "Armenia": [
        40,
        45
    ],
    "Antigua and Barbuda": [
        17.05,
        -61.8
    ],
    "Australia": [
        -27,
        133
    ],
    "Austria": [
        47.33333333,
        13.33333333
    ],
    "Azerbaijan": [
        40.5,
        47.5
    ],
    "Burundi": [
        -3.5,
        30
    ],
    "Belgium": [
        50.83333333,
        4
    ],
    "Benin": [
        9.5,
        2.25
    ],
    "Burkina Faso": [
        13,
        -2
    ],
    "Bangladesh": [
        24,
        90
    ],
    "Bulgaria": [
        43,
        25
    ],
    "Bahrain": [
        26,
        50.55
    ],
    "Bahamas": [
        24.25,
        -76
    ],
    "Bosnia and Herzegovina": [
        44,
        18
    ],
    "Saint Barth\u00e9lemy": [
        18.5,
        -63.41666666
    ],
    "Bonaire Sint Eustatius and Saba": [
        12.1784,
        -68.2385
    ],
    "Belarus": [
        53,
        28
    ],
    "Belize": [
        17.25,
        -88.75
    ],
    "Bermuda": [
        32.33333333,
        -64.75
    ],
    "Bolivia": [
        -17,
        -65
    ],
    "Brazil": [
        -10,
        -55
    ],
    "Barbados": [
        13.16666666,
        -59.53333333
    ],
    "Brunei": [
        4.5,
        114.66666666
    ],
    "Bhutan": [
        27.5,
        90.5
    ],
    "Botswana": [
        -22,
        24
    ],
    "Central African Republic": [
        7,
        21
    ],
    "Canada": [
        60,
        -95
    ],
    "Switzerland": [
        47,
        8
    ],
    "Chile": [
        -30,
        -71
    ],
    "China": [
        35,
        105
    ],
    "Cote d'Ivoire": [
        8,
        -5
    ],
    "Cameroon": [
        6,
        12
    ],
    "Democratic Republic of Congo": [
        0,
        25
    ],
    "Congo": [
        -1,
        15
    ],
    "Colombia": [
        4,
        -72
    ],
    "Cape Verde": [
        16,
        -24
    ],
    "Costa Rica": [
        10,
        -84
    ],
    "Cuba": [
        21.5,
        -80
    ],
    "Curacao": [
        12.116667,
        -68.933333
    ],
    "Cayman Islands": [
        19.5,
        -80.5
    ],
    "Cyprus": [
        35,
        33
    ],
    "Czech Republic": [
        49.75,
        15.5
    ],
    "Germany": [
        51,
        9
    ],
    "Djibouti": [
        11.5,
        43
    ],
    "Dominica": [
        15.41666666,
        -61.33333333
    ],
    "Denmark": [
        56,
        10
    ],
    "Dominican Republic": [
        19,
        -70.66666666
    ],
    "Algeria": [
        28,
        3
    ],
    "Ecuador": [
        -2,
        -77.5
    ],
    "Egypt": [
        27,
        30
    ],
    "Eritrea": [
        15,
        39
    ],
    "Spain": [
        40,
        -4
    ],
    "Estonia": [
        59,
        26
    ],
    "Ethiopia": [
        8,
        38
    ],
    "Finland": [
        64,
        26
    ],
    "Fiji": [
        -18,
        175
    ],
    "Falkland Islands": [
        -51.75,
        -59
    ],
    "France": [
        46,
        2
    ],
    "Faeroe Islands": [
        62,
        -7
    ],
    "Gabon": [
        -1,
        11.75
    ],
    "United Kingdom": [
        54,
        -2
    ],
    "Georgia": [
        42,
        43.5
    ],
    "Guernsey": [
        49.46666666,
        -2.58333333
    ],
    "Ghana": [
        8,
        -2
    ],
    "Gibraltar": [
        36.13333333,
        -5.35
    ],
    "Guinea": [
        11,
        -10
    ],
    "Gambia": [
        13.46666666,
        -16.56666666
    ],
    "Guinea-Bissau": [
        12,
        -15
    ],
    "Equatorial Guinea": [
        2,
        10
    ],
    "Greece": [
        39,
        22
    ],
    "Grenada": [
        12.11666666,
        -61.66666666
    ],
    "Greenland": [
        72,
        -40
    ],
    "Guatemala": [
        15.5,
        -90.25
    ],
    "Guam": [
        13.46666666,
        144.78333333
    ],
    "Guyana": [
        4.8604,
        -58.9302
    ],
    "Honduras": [
        15,
        -86.5
    ],
    "Croatia": [
        45.16666666,
        15.5
    ],
    "Haiti": [
        19,
        -72.41666666
    ],
    "Hungary": [
        47,
        20
    ],
    "Indonesia": [
        -5,
        120
    ],
    "International": [
        0,
        0
    ],
    "Isle of Man": [
        54.25,
        -4.5
    ],
    "India": [
        20,
        77
    ],
    "British Indian Ocean Territory": [
        -6,
        71.5
    ],
    "Ireland": [
        53,
        -8
    ],
    "Iran": [
        32,
        53
    ],
    "Iraq": [
        33,
        44
    ],
    "Iceland": [
        65,
        -18
    ],
    "Israel": [
        31.47,
        35.13
    ],
    "Italy": [
        42.83333333,
        12.83333333
    ],
    "Jamaica": [
        18.25,
        -77.5
    ],
    "Jersey": [
        49.25,
        -2.16666666
    ],
    "Jordan": [
        31,
        36
    ],
    "Japan": [
        36,
        138
    ],
    "Kazakhstan": [
        48,
        68
    ],
    "Kenya": [
        1,
        38
    ],
    "Kyrgyzstan": [
        41,
        75
    ],
    "Cambodia": [
        13,
        105
    ],
    "Saint Kitts and Nevis": [
        17.33333333,
        -62.75
    ],
    "South Korea": [
        37,
        127.5
    ],
    "Kosovo": [
        42.666667,
        21.166667
    ],
    "Kuwait": [
        29.5,
        45.75
    ],
    "Laos": [
        18,
        105
    ],
    "Lebanon": [
        33.83333333,
        35.83333333
    ],
    "Liberia": [
        6.5,
        -9.5
    ],
    "Libya": [
        25,
        17
    ],
    "Saint Lucia": [
        13.88333333,
        -60.96666666
    ],
    "Liechtenstein": [
        47.26666666,
        9.53333333
    ],
    "Sri Lanka": [
        7,
        81
    ],
    "Lithuania": [
        56,
        24
    ],
    "Luxembourg": [
        49.75,
        6.16666666
    ],
    "Latvia": [
        57,
        25
    ],
    "Morocco": [
        32,
        -5
    ],
    "Monaco": [
        43.73333333,
        7.4
    ],
    "Moldova": [
        47,
        29
    ],
    "Madagascar": [
        -20,
        47
    ],
    "Maldives": [
        3.25,
        73
    ],
    "Mexico": [
        23,
        -102
    ],
    "Macedonia": [
        41.83333333,
        22
    ],
    "Mali": [
        17,
        -4
    ],
    "Malta": [
        35.83333333,
        14.58333333
    ],
    "Myanmar": [
        22,
        98
    ],
    "Montenegro": [
        42.5,
        19.3
    ],
    "Mongolia": [
        46,
        105
    ],
    "Northern Mariana Islands": [
        15.2,
        145.75
    ],
    "Mozambique": [
        -18.25,
        35
    ],
    "Mauritania": [
        20,
        -12
    ],
    "Montserrat": [
        16.75,
        -62.2
    ],
    "Mauritius": [
        -20.28333333,
        57.55
    ],
    "Malawi": [
        -13.5,
        34
    ],
    "Malaysia": [
        2.5,
        112.5
    ],
    "Namibia": [
        -22,
        17
    ],
    "New Caledonia": [
        -21.5,
        165.5
    ],
    "Niger": [
        16,
        8
    ],
    "Nigeria": [
        10,
        8
    ],
    "Nicaragua": [
        13,
        -85
    ],
    "Netherlands": [
        52.5,
        5.75
    ],
    "Norway": [
        62,
        10
    ],
    "Nepal": [
        28,
        84
    ],
    "New Zealand": [
        -41,
        174
    ],
    "Oman": [
        21,
        57
    ],
    "Pakistan": [
        30,
        70
    ],
    "Panama": [
        9,
        -80
    ],